,item,price,comments,icon,good,mid,bad
4,九阳,329,1000000,"自营,每满319-20",390000,6200,6200
42,九阳,599,1000000,"自营,赠",390000,6200,6200
64,九阳,299,1000000,"自营,每满299-20",360000,6300,6300
19,九阳,399,1000000,"自营,每满419-20",350000,6200,6200
50,九阳,359,1000000,自营,350000,6200,6200
220,九阳,399,1000000,自营,350000,6200,6200
25,小熊,419,500000,"自营,秒杀,满419-20",220000,1100,1100
29,小熊,599,500000,"自营,新品,满599-50",220000,1100,1100
90,小熊,329,500000,"自营,满329-30",220000,1100,1100
315,小熊,419,500000,自营,220000,1100,1100
1,美的,499,200000,"自营,秒杀,每满489-100",210000,800,800
97,美的,699,200000,"自营,券1500-120,每满689-30,赠",210000,800,800
129,美的,1399,200000,"自营,新品,券1500-120,每满1399-500",210000,800,800
186,美的,99,500000,"自营,1件9折",210000,400,400
475,美的,399,500000,自营,210000,400,400
644,美的,599,500000,自营,210000,400,400
49,九阳,749,500000,无,190000,1500,1500
82,九阳,749,500000,"京东物流,免邮,每满749-150,赠",190000,1500,1500
184,美的,109,200000,自营,190000,400,400
9,美的,319,500000,"自营,每满300-30",160000,1700,1700
13,美的,289,500000,自营,160000,1700,1700
17,美的,299,500000,"自营,每满289-50",160000,1700,1700
26,美的,419,500000,"自营,每满359-50",160000,1700,1700
57,美的,439,200000,"自营,券1500-120,每满359-50",160000,1000,1000
68,美的,799,500000,"自营,每满699-100,赠",160000,1700,1700
104,美的,299,500000,自营,160000,1700,1700
427,美的,999,200000,"自营,券300-30,每满699-100",160000,1000,1000
8,九阳,499,500000,自营,89000,2100,2100
31,九阳,379,500000,自营,89000,2100,2100
122,九阳,499,500000,自营,89000,2100,2100
275,九阳,379,500000,自营,89000,2100,2100
408,九阳,439,500000,"自营,赠",85000,2100,2100
658,西屋,1280,50000,"自营,厂商配送",63000,90,90
37,苏泊尔,396,200000,自营,57000,600,600
63,苏泊尔,438,200000,"自营,1件9折",57000,600,600
80,苏泊尔,649,200000,"自营,赠",57000,600,600
404,苏泊尔,887,200000,"自营,1件9折",57000,600,600
35,苏泊尔,285,200000,"自营,券329-30",50000,1200,1200
44,苏泊尔,279,200000,"自营,券279-20",50000,1200,1200
139,苏泊尔,279,200000,自营,50000,1200,1200
204,苏泊尔,399,200000,"自营,1件9折",50000,1200,1200
259,苏泊尔,421,200000,"自营,1件9折",50000,1200,1200
0,九阳,679,200000,"京东物流,券279-10,每满679-400",48000,800,800
532,苏泊尔,359,200000,"自营,赠",35000,900,900
302,九阳,899,50000,赠,33000,100,100
231,九阳,398,100000,"自营,每满499-40",32000,700,700
5,九阳,799,100000,"自营,每满799-340,赠",31000,300,300
743,美的,449,100000,"自营,1件9折,赠",30000,300,300
28,奥克斯,255,100000,"自营,1件9折",29000,600,600
101,奥克斯,429,100000,"自营,券429-30",29000,600,600
113,奥克斯,359,100000,自营,29000,600,600
36,九阳,1999,100000,自营,26000,300,300
169,九阳,849,100000,"自营,赠",26000,300,300
188,九阳,1999,100000,"自营,赠",26000,300,300
203,九阳,1499,100000,"自营,赠",26000,300,300
251,九阳,3499,100000,"自营,每满3499-500",26000,300,300
252,九阳,1599,100000,"自营,赠",26000,300,300
253,九阳,1443,100000,"自营,1件9折,赠",26000,300,300
293,九阳,1499,100000,自营,26000,300,300
299,九阳,1599,100000,自营,26000,300,300
326,九阳,1443,100000,自营,26000,300,300
178,奥克斯,310,50000,"自营,1件9折",24000,200,200
175,美的,899,20000,自营,22000,0,0
241,美的,1299,20000,自营,22000,0,0
323,美的,599,20000,自营,22000,0,0
561,苏泊尔,339,100000,"自营,厂商配送",22000,300,300
2,蓝宝,409,100000,自营,21000,200,200
14,蓝宝,499,100000,自营,21000,200,200
15,蓝宝,554,100000,"自营,1件9折",21000,200,200
48,奥克斯,459,100000,"自营,品质认证,券350-20,",21000,300,300
54,蓝宝,499,100000,自营,21000,200,200
98,蓝宝,409,100000,"自营,满399-30",21000,200,200
117,奥克斯,509,100000,"自营,品质认证,券350-20,",21000,300,300
227,苏泊尔,429,50000,"京东物流,放心购,秒杀,免邮,",19000,200,200
548,苏泊尔,599,100000,自营,19000,300,300
471,mokkom,469,10000,"京东物流,免邮,每满469-100",17000,0,0
3,苏泊尔,309,50000,"京东物流,秒杀,免邮,每满300-50",16000,200,200
76,苏泊尔,309,50000,放心购,16000,200,200
53,九阳,899,50000,"自营,每满899-300",14000,200,200
59,九阳,899,50000,自营,14000,200,200
637,嘉泊仕,2680,10000,"京东物流,放心购,满2680-1400,赠",13000,0,0
760,嘉泊仕,2680,10000,"京东物流,放心购,满2680-1400,赠",13000,0,0
720,九阳,799,20000,"京东物流,免邮,满729-300",11000,100,100
196,半球,199,50000,"京东物流,放心购,免邮",10000,100,100
883,九阳,999,20000,自营,10000,0,0
505,苏泊尔,319,50000,"自营,赠",9400,200,200
100,九阳,899,20000,"京东物流,放心购,每满879-460,赠",8700,70,70
340,九阳,399,50000,"京东物流,放心购,免邮,每满399-130",8500,100,100
102,荣事达,199,20000,自营,7700,100,100
121,荣事达,299,20000,自营,7700,100,100
128,荣事达,199,20000,自营,7700,100,100
141,荣事达,259,20000,"自营,每满258-40",7700,100,100
162,九阳,1299,20000,"京东物流,每满1279-600,赠",7500,100,100
232,九阳,1299,20000,无,7500,100,100
856,九阳,999,20000,每满999-400,7500,100,100
742,（,2180,5000,赠,7400,0,0
27,西屋,449,20000,"自营,厂商配送",7300,90,90
39,西屋,449,20000,"自营,厂商配送",7300,90,90
149,西屋,549,20000,"自营,厂商配送",7300,90,90
150,西屋,549,20000,"自营,厂商配送",7300,90,90
177,西屋,549,20000,"自营,厂商配送",7300,90,90
198,九阳,319,50000,"京东物流,免邮,每满319-40",7200,100,100
223,麦卓,129,10000,免邮,7200,70,70
554,麦卓,128,10000,免邮,7200,70,70
538,九阳,499,10000,"京东物流,放心购,免邮,满439-20",6800,10,10
446,苏泊尔,509,20000,"京东物流,放心购,闪购,免邮,",6700,100,100
22,ankale,189,20000,每满179-30,6500,30,30
56,ankale,219,20000,"放心购,每满179-30",6500,30,30
280,德玛仕,268,20000,"京东物流,免邮,券5000-200",6400,40,40
433,德玛仕,499,20000,"京东物流,免邮",6400,40,40
653,德玛仕,499,20000,"京东物流,免邮,券5000-200",6400,40,40
790,德玛仕,699,20000,"京东物流,免邮,券5000-200",6400,40,40
639,九阳,799,10000,"放心购,免邮,满699-240",6100,30,30
662,西屋,329,10000,"自营,厂商配送",5900,30,30
560,（,656,5000,无,5800,0,0
24,西屋,2380,5000,自营,5700,10,10
168,九阳,2299,20000,"京东物流,放心购,免邮,,",5700,50,50
394,九阳,2999,20000,"京东物流,放心购,免邮,,",5700,50,50
407,九阳,2299,20000,放心购,5700,50,50
107,九阳,288,20000,"自营,1件9折",5600,80,80
460,九阳,999,20000,"京东物流,免邮,赠",4900,60,60
345,九阳,469,20000,"京东物流,放心购,秒杀,免邮,",4600,80,80
115,志高,298,10000,自营,4500,70,70
356,九阳,399,20000,"放心购,免邮,满369-30",4500,80,80
550,九阳,499,20000,"放心购,免邮,满419-60,赠",4500,80,80
620,九阳,599,20000,"京东物流,放心购,每满579-250",4500,60,60
333,欧诺华,259,20000,"京东物流,放心购,免邮,满259-60",4400,0,0
652,欧诺华,980,10000,"京东物流,免邮,每满980-630",4300,50,50
174,大宇,499,20000,"京东物流,放心购,每满430-200",4200,50,50
411,大宇,599,20000,"京东物流,放心购,每满430-200",4200,50,50
418,大宇,499,20000,"京东物流,放心购,每满430-200",4200,50,50
515,大宇,599,20000,"京东物流,放心购,每满430-200",4200,50,50
665,九阳,898,20000,自营,4200,60,60
678,九阳,1299,20000,"自营,赠",4200,60,60
479,九阳,1399,5000,自营,3900,0,0
83,瑞本,199,10000,"京东物流,放心购,免邮,券190-10,",3600,0,0
119,瑞本,156,10000,"京东物流,放心购,秒杀,免邮,,",3600,0,0
456,九阳,1699,10000,"京东物流,放心购,免邮,,",3600,40,40
384,九阳,2199,20000,"京东物流,免邮,满2199-300,赠",3500,50,50
58,九阳,799,10000,"京东物流,放心购,每满779-400",3400,20,20
258,九阳,50,10000,放心购,3400,20,20
338,九阳,799,10000,放心购,3400,20,20
10,苏泊尔,399,20000,"自营,闪购",3300,50,50
171,西屋,409,10000,"自营,厂商配送",3300,40,40
265,贝默朗斯,599,20000,"京东物流,放心购,满580-311",3300,10,10
464,谷格,3180,10000,"京东物流,免邮,满3080-300",3300,0,0
609,苏泊尔,549,10000,"自营,赠",3300,40,40
91,蓝宝,599,20000,"京东物流,放心购,免邮,每满500-100",3200,20,20
382,蓝宝,599,20000,"免邮,每满500-100",3200,20,20
62,奥劲,980,5000,"京东物流,放心购,免邮,满980-474",3100,0,0
191,摩飞电器,539,20000,"京东物流,放心购,免邮,券400-40,,",2900,30,30
235,摩飞电器,758,20000,"京东物流,放心购,免邮,券6000-600,,",2900,30,30
294,摩飞电器,539,20000,"京东物流,放心购,免邮,券300-30,,",2900,30,30
467,摩飞电器,539,20000,"京东物流,放心购,免邮,券300-30,,",2900,30,30
537,摩飞电器,758,20000,"京东物流,放心购,免邮,券6000-600,,",2900,30,30
648,洁氏,2380,5000,"京东物流,放心购,免邮,券2380-750,",2900,0,0
676,摩飞电器,758,20000,"京东物流,放心购,免邮,券500-38,,",2900,30,30
6,九阳,1599,10000,自营,2800,40,40
65,蓝宝,549,20000,自营,2800,30,30
450,九阳,299,5000,"京东物流,放心购,免邮,满289-20",2800,10,10
657,蓝宝,549,20000,"自营,1件9折",2800,30,30
18,摩飞电器,498,10000,自营,2700,10,10
173,摩飞电器,498,10000,"自营,券3000-300,1件9折",2700,10,10
248,摩飞电器,498,10000,"自营,券3000-300,1件9折",2700,10,10
285,九阳,749,10000,"京东物流,放心购,免邮,每满749-100",2700,20,20
630,Morphyrichards,159,10000,"自营,1件9折",2700,10,10
765,Morphyrichards,159,10000,"自营,1件9折",2700,10,10
164,SURE,399,5000,"京东物流,放心购,免邮,每满399-80",2600,10,10
118,大宇,519,10000,"自营,券1500-120,每满479-50",2500,20,20
159,大宇,519,10000,"自营,券1500-120,每满479-50",2500,20,20
416,大宇,529,10000,"自营,券4000-400,每满500-60",2500,20,20
759,九阳,1299,2000,"满1199-600,赠",2500,0,0
834,九阳,1299,2000,"京东物流,免邮,满1199-520,赠",2500,0,0
52,ankale,189,10000,"京东物流,免邮,满179-40",2300,10,10
87,ankale,189,10000,放心购,2300,10,10
105,ankale,219,10000,"京东物流,放心购,免邮,满189-40",2300,10,10
444,ankale,189,10000,"京东物流,放心购,免邮,满179-40",2300,10,10
445,美的,499,5000,"自营,券1500-120,1件9折",2300,30,30
89,瑞本,166,10000,"京东物流,放心购,秒杀,免邮,,",2200,0,0
135,APIXINTL,419,5000,"京东物流,满359-40",2200,20,20
137,瑞本,189,10000,"京东物流,放心购,免邮,券185-20,",2200,0,0
255,瑞本,189,10000,"京东物流,放心购,免邮,券300-30,",2200,0,0
185,嘉泊仕,2680,20000,"京东物流,放心购,免邮,满2680-1400,",2100,0,0
245,嘉泊仕,2680,20000,"京东物流,放心购,免邮,满2680-1400,",2100,0,0
463,SURE,899,2000,"京东物流,放心购,免邮,券300-30,",2100,10,10
33,ankale,148,10000,"自营,新品,秒杀",2000,30,30
34,ankale,149,10000,"自营,新品",2000,30,30
46,ankale,179,10000,"自营,新品",2000,30,30
131,宜盾普,699,5000,"自营,满588-159",2000,0,0
134,九阳,249,10000,"自营,厂商配送,闪购",2000,50,50
239,一刻间,300,5000,"京东物流,放心购,券300-61",2000,0,0
346,美的,499,10000,"京东物流,放心购,免邮,每满499-200",2000,20,20
428,一刻间,369,5000,放心购,2000,0,0
664,九阳,279,10000,"自营,厂商配送,闪购",2000,50,50
151,金正,599,5000,满599-330,1900,0,0
413,金正,599,5000,无,1900,0,0
455,宜盾普,699,5000,"放心购,免邮",1900,0,0
527,九阳,4999,5000,"每满4999-1000,赠",1900,0,0
77,小米,289,10000,自营,1800,30,30
234,奥劲,980,2000,"京东物流,放心购,满980-474",1800,0,0
423,科西,499,2000,"京东物流,放心购,每满489-100",1800,0,0
470,西屋,3480,2000,"自营,厂商配送,品质认证",1800,0,0
599,麦卓,169,2000,满159-10,1800,0,0
120,九阳,259,10000,"自营,闪购",1700,20,20
163,苏泊尔,1019,5000,"京东物流,放心购,闪购,免邮,",1700,0,0
347,西屋,699,10000,券699-250,1700,30,30
357,帕克雷蒂,1780,20000,"京东物流,满1750-700,赠",1700,0,0
379,西屋,699,10000,券699-250,1700,30,30
436,九阳,549,5000,"京东物流,放心购,闪购,免邮,",1700,10,10
497,西屋,699,10000,无,1700,30,30
569,九阳,359,10000,"自营,厂商配送,闪购",1700,20,20
870,九阳,999,10000,"自营,厂商配送",1700,20,20
75,小浣熊,159,10000,"免邮,满159-20,赠",1600,10,10
193,贝默朗斯,2380,20000,"京东物流,放心购,满2300-1090,赠",1600,0,0
238,Bemeronis,2380,20000,放心购,1600,0,0
392,帕克雷蒂,1980,20000,"京东物流,放心购,满1950-820,赠",1600,0,0
683,小浣熊,309,10000,"免邮,券189-10,满309-120,赠",1600,10,10
319,康佳,179,5000,"京东物流,放心购,免邮,券179-20,",1500,0,0
358,德普莱,999,2000,"京东物流,放心购,满900-320,赠",1500,0,0
429,康佳,179,5000,"京东物流,放心购,免邮,券179-10,",1500,0,0
170,九阳,1599,5000,"自营,券1599-100,每满1599-600,赠",1400,10,10
225,九阳,1099,5000,"京东物流,免邮,每满1099-150,赠",1400,10,10
268,美菱,179,5000,"京东物流,免邮,券170-10",1400,0,0
274,德森朗,999,1000,"京东物流,放心购,满999-241,赠",1400,0,0
371,德森朗,999,1000,放心购,1400,0,0
435,九阳,1099,5000,无,1400,10,10
474,美菱,199,5000,免邮,1400,0,0
30,九阳,649,2000,无,1300,0,0
132,九阳,849,2000,"京东物流,放心购,满799-250,赠",1300,0,0
221,九阳,649,2000,"京东物流,放心购,满649-150",1300,0,0
247,美的,338,2000,"秒杀,免邮,券289-20,满338-50",1300,0,0
276,九阳,1649,5000,"京东物流,券1199-100,每满1629-450,",1300,10,10
295,MI,199,2000,"券199-20,满200-30",1300,0,0
372,谷格,459,10000,"京东物流,放心购,免邮,满439-71",1300,0,0
526,贝默朗斯,680,1000,"京东物流,放心购,满660-352",1300,0,0
531,巴慕斯,199,2000,"京东物流,免邮,满190-20",1300,0,0
682,APIXINTL,629,2000,满500-220,1300,0,0
754,九阳,379,5000,"京东物流,免邮,每满379-10",1300,10,10
7,苏泊尔,399,5000,"自营,秒杀,每满449-50",1200,10,10
47,小质,329,5000,"自营,每满329-30",1200,0,0
71,小米,329,5000,自营,1200,0,0
73,瑞本,269,5000,"京东物流,放心购,秒杀,免邮,,",1200,0,0
81,九阳,439,5000,"自营,秒杀,每满439-70",1200,20,20
111,大宇,499,5000,"京东物流,放心购,每满449-270",1200,10,10
144,大宇,499,5000,"京东物流,放心购,每满449-270",1200,10,10
158,美菱,199,5000,无,1200,10,10
167,olayks,321,10000,"自营,1件9折",1200,30,30
176,美菱,169,5000,无,1200,10,10
272,大宇,499,5000,"京东物流,放心购,每满449-270",1200,10,10
296,olayks,343,10000,"自营,1件9折",1200,30,30
297,瑞本,159,5000,"免邮,券300-30,每满150-10",1200,10,10
339,瑞本,299,5000,"京东物流,放心购,免邮,券290-40,",1200,0,0
350,瑞本,269,5000,放心购,1200,0,0
440,西屋,699,5000,券699-340,1200,10,10
468,奥克斯,309,2000,"自营,秒杀,券250-20,每满300-50",1200,10,10
627,美菱,179,5000,"免邮,券300-30",1200,10,10
646,苏泊尔,469,5000,"京东物流,闪购,免邮,满469-180",1200,10,10
731,嘉泊仕,688,20000,"京东物流,放心购,免邮,满688-360",1200,0,0
758,西屋,499,5000,无,1200,10,10
842,西屋,499,5000,无,1200,10,10
855,美菱,239,5000,"免邮,券300-30",1200,10,10
861,西屋,699,5000,券699-340,1200,10,10
798,苏泊尔,509,5000,"自营,赠",1100,20,20
32,九阳,329,5000,"京东物流,免邮,满299-20",1000,20,20
61,小熊,369,5000,"京东物流,放心购,免邮,满339-60",1000,10,10
155,小熊,369,5000,放心购,1000,10,10
160,九阳,1499,5000,"京东物流,放心购,每满1479-800",1000,10,10
187,九阳,100,5000,"京东物流,放心购",1000,10,10
214,九阳,1499,5000,放心购,1000,10,10
246,半球,179,2000,"京东物流,免邮",1000,10,10
307,贝默朗斯,2380,10000,"京东物流,放心购,满2300-1090,赠",1000,0,0
441,摩飞,519,5000,无,1000,0,0
476,九阳,80,5000,放心购,1000,10,10
547,苏泊尔,369,5000,"京东物流,免邮,每满359-70",1000,20,20
549,奥劲,1780,10000,"京东物流,放心购,免邮,满1780-820,",1000,0,0
580,奥劲,1080,10000,"京东物流,放心购,免邮,",1000,0,0
585,大宇,529,5000,"自营,1件9折",1000,10,10
650,艾仕玛,299,5000,"免邮,券299-100",1000,10,10
670,ankale,179,2000,"京东物流,放心购,免邮",1000,0,0
671,摩飞电器,519,5000,"京东物流,每满400-50",1000,0,0
752,九阳,2999,2000,"京东物流,免邮,赠",1000,10,10
791,九阳,349,5000,"秒杀,免邮,满349-10",1000,20,20
868,摩飞电器,699,5000,"京东物流,每满300-40",1000,0,0
88,ankale,179,2000,"京东物流,满179-30",900,0,0
96,瑞本,249,5000,"京东物流,放心购,免邮,券300-30,",900,0,0
108,科西,399,5000,"自营,券1500-120",900,10,10
146,HAZT,929,2000,"京东物流,免邮,每满300-40,赠",900,0,0
257,ankale,209,2000,"京东物流,满179-30",900,0,0
267,ankale,209,2000,"京东物流,满179-30",900,0,0
332,瑞本,249,5000,放心购,900,0,0
383,ankale,179,2000,无,900,0,0
525,小熊,499,5000,"自营,每满499-200",900,0,0
588,九阳,1499,5000,"京东物流,免邮,每满1499-200,赠",900,10,10
641,蓝宝,799,5000,"自营,1件9折",900,20,20
659,奥克斯,329,5000,"免邮,每满309-80,赠",900,10,10
661,ankale,179,2000,"京东物流,满179-30",900,0,0
674,奥劲,1080,10000,"京东物流,每满1060-594",900,0,0
739,苏泊尔,1799,2000,自营,900,10,10
740,奥克斯,329,5000,"每满309-80,赠",900,10,10
21,小浣熊,299,200000,自营,800,0,0
45,美的,509,5000,"京东物流,每满509-270",800,10,10
60,小浣熊,299,200000,自营,800,0,0
74,苏泊尔,749,5000,"自营,秒杀,每满839-90",800,10,10
114,小浣熊,199,200000,自营,800,0,0
116,苏泊尔,749,5000,自营,800,10,10
133,奥克斯,569,5000,"自营,券400-20,每满550-150",800,10,10
301,贝默朗斯,860,1000,"京东物流,放心购,满850-421",800,0,0
351,半球,189,5000,"京东物流,秒杀,免邮",800,20,20
457,九阳,749,5000,"京东物流,免邮,每满749-100",800,10,10
606,西屋,559,1000,"自营,厂商配送",800,0,0
43,贝默朗斯,860,20000,"京东物流,满850-421",700,0,0
78,小米,699,2000,"自营,每满699-300",700,0,0
145,荣事达,229,2000,"京东物流,免邮,满229-30",700,0,0
166,Bemeronis,860,20000,放心购,700,0,0
342,志高,359,10000,"京东物流,免邮,每满350-60,赠",700,0,0
434,苏泊尔,559,2000,满509-200,700,10,10
473,荣事达,239,2000,满229-30,700,0,0
544,荣事达,249,2000,"京东物流,免邮,满229-20",700,0,0
20,美的,259,2000,"京东物流,秒杀,免邮",600,0,0
66,美菱,199,2000,免邮,600,0,0
70,九阳,799,2000,"京东物流,放心购,免邮,每满799-300",600,0,0
79,HYUNDAI,279,5000,"京东物流,放心购,免邮,满200-30",600,10,10
92,美菱,599,2000,"京东物流,免邮,满579-300",600,10,10
95,ankale,219,1000,"京东物流,放心购,免邮,满219-10",600,0,0
106,HYUNDAI,299,5000,"京东物流,放心购,免邮,满200-30",600,10,10
165,HYUNDAI,299,5000,"免邮,满268-30",600,10,10
216,苏泊尔,409,2000,"京东物流,放心购,闪购,免邮,",600,10,10
242,美的,499,1000,"自营,每满489-140",600,0,0
292,美菱,219,2000,免邮,600,0,0
335,蓝宝,421,2000,"自营,1件9折",600,0,0
341,美的,599,2000,"京东物流,免邮,每满599-160,赠",600,10,10
344,HYUNDAI,279,5000,放心购,600,10,10
355,美的,269,2000,"京东物流,放心购,闪购,免邮,",600,0,0
398,蓝宝,421,2000,"自营,1件9折",600,0,0
481,蓝宝,100,2000,"自营,1件9折",600,0,0
629,美菱,239,2000,免邮,600,0,0
808,苏泊尔,749,2000,"京东物流,放心购,闪购,免邮,",600,0,0
11,美的,529,1000,"自营,券11-10,每满529-90",500,0,0
12,博世,1899,2000,无,500,0,0
86,九阳,1199,2000,"自营,每满1199-500",500,0,0
93,美的,529,1000,自营,500,0,0
112,九阳,279,2000,自营,500,0,0
123,九阳,279,2000,自营,500,0,0
125,四季沐歌,219,2000,自营,500,0,0
130,九阳,259,2000,自营,500,0,0
140,九阳,469,2000,自营,500,0,0
161,山水,299,2000,"京东物流,放心购,免邮,券300-30,",500,0,0
190,半球,99,2000,"京东物流,免邮",500,10,10
202,苏泊尔,1199,2000,"京东物流,放心购,闪购,免邮,",500,0,0
229,MI,219,2000,无,500,0,0
256,MI,219,2000,无,500,0,0
300,九阳,279,2000,"自营,厂商配送,闪购",500,0,0
310,英凯仕,109,2000,"免邮,满100-10",500,10,10
353,博世,1899,2000,京东物流,500,0,0
494,小米,399,2000,免邮,500,0,0
556,欧诺华,580,2000,"京东物流,免邮,每满580-230",500,0,0
559,瑞本,189,2000,"京东物流,放心购,免邮,券300-30,",500,0,0
649,九阳,1299,2000,"自营,闪购",500,0,0
16,美的,499,1000,"自营,每满499-60",400,0,0
51,美的,239,2000,京东物流,400,0,0
67,九阳,539,2000,"京东物流,放心购,闪购,免邮,",400,0,0
85,小熊,279,2000,"京东物流,放心购,免邮,满249-10",400,0,0
103,智选京品,329,2000,"自营,新品",400,0,0
208,美的,499,1000,自营,400,0,0
211,瑞本,149,2000,"京东物流,免邮",400,0,0
240,苏泊尔,569,2000,"京东物流,放心购,秒杀,免邮,",400,10,10
304,ankale,269,500,"京东物流,满200-30",400,0,0
311,九阳,399,2000,"放心购,满369-30",400,0,0
317,ankale,189,2000,"京东物流,免邮,每满179-30",400,0,0
329,美的,499,1000,"京东物流,放心购,免邮,满499-100",400,0,0
330,贝默朗斯,680,10000,"京东物流,放心购,满660-352",400,0,0
337,欧莱克,169,2000,自营,400,0,0
359,奥克斯,329,2000,"自营,券220-10,每满320-70",400,10,10
367,ankale,239,500,"京东物流,满200-30",400,0,0
386,九阳,799,1000,"放心购,免邮,满759-260",400,10,10
389,小熊,279,2000,放心购,400,0,0
399,九阳,699,1000,"京东物流,放心购,每满649-270,赠",400,0,0
410,贝默朗斯,680,10000,"放心购,满660-352",400,0,0
417,瑞本,169,2000,"京东物流,免邮",400,0,0
424,九阳,799,1000,放心购,400,10,10
425,美的,379,2000,京东物流,400,0,0
459,大宇,599,2000,放心购,400,0,0
465,大宇,569,1000,放心购,400,0,0
490,大宇,599,2000,"放心购,满559-200",400,0,0
508,ankale,189,2000,"京东物流,免邮,每满179-30",400,0,0
631,九阳,399,2000,"京东物流,免邮,赠",400,0,0
638,美的,1299,1000,自营,400,0,0
667,大宇,599,2000,"放心购,满559-200",400,0,0
673,大宇,569,1000,"京东物流,放心购,每满500-120",400,0,0
773,九阳,2499,2000,"京东物流,放心购,每满2499-500,赠",400,0,0
782,ankale,269,500,"京东物流,满200-30",400,0,0
804,九阳,1899,2000,"京东物流,放心购,每满1899-600,赠",400,0,0
853,美的,379,1000,自营,400,0,0
38,小熊,499,1000,"自营,每满499-180",300,0,0
41,美的,699,1000,"自营,每满699-300",300,0,0
69,美的,299,2000,"自营,每满299-50",300,0,0
84,olayks,232,2000,"自营,1件9折",300,10,10
109,九阳,259,2000,"自营,闪购",300,0,0
154,破壁,699,500,"自营,满690-250,赠",300,0,0
200,九阳,299,2000,"京东物流,放心购,免邮,满279-20",300,0,0
209,九阳,359,2000,"自营,闪购",300,0,0
226,美的,299,2000,自营,300,0,0
249,美的,699,1000,自营,300,0,0
254,美的,399,1000,"自营,厂商配送",300,0,0
312,欧莱克,339,2000,"京东物流,券50-3,满319-50",300,0,0
318,康佳,199,2000,"京东物流,免邮",300,0,0
349,苏泊尔,889,2000,"自营,每满889-90",300,0,0
360,九阳,459,2000,"自营,闪购",300,0,0
377,摩飞,599,2000,放心购,300,0,0
380,美的,299,1000,"自营,厂商配送",300,0,0
406,安卉源,79,1000,免邮,300,0,0
419,惠人,3698,1000,"自营,券500-20,赠",300,0,0
426,九阳,299,2000,"京东物流,放心购,免邮,满269-20",300,0,0
461,摩飞电器,469,2000,"京东物流,每满449-110,赠",300,0,0
485,苏泊尔,1049,1000,"京东物流,放心购,秒杀,免邮,,",300,0,0
487,美的,749,1000,"自营,每满749-80",300,0,0
523,蓝宝,799,1000,"京东物流,免邮,每满700-100",300,0,0
541,奥克斯,299,1000,"京东物流,放心购,满290-40",300,0,0
572,九阳,899,2000,"自营,厂商配送,闪购",300,0,0
574,瑞本,299,1000,"免邮,券300-30,满299-30",300,0,0
604,瑞本,189,1000,"免邮,券185-20,2件9折",300,0,0
614,西屋,2289,500,"自营,厂商配送",300,0,0
626,一刻间,369,1000,"京东物流,放心购,券369-90",300,0,0
651,美的,129,2000,"自营,厂商配送",300,10,10
767,九阳,1849,1000,"自营,厂商配送,券每满1000减50,赠",300,0,0
820,美的,2999,1000,"自营,厂商配送",300,0,0
821,小熊,299,1000,"京东物流,放心购,免邮,满259-10",300,0,0
23,美的,269,1000,"自营,每满269-20",200,0,0
40,康佳,208,1000,"自营,每满208-9",200,0,0
126,美斯特,179,1000,"京东物流,免邮,券179-10,2件9.5折",200,0,0
127,HYUNDAI,269,500,自营,200,0,0
143,HYUNDAI,199,500,自营,200,0,0
152,康佳,229,1000,"自营,每满229-10",200,0,0
181,康佳,279,1000,"自营,每满279-10",200,0,0
183,美斯特,179,1000,"京东物流,免邮,2件9.5折",200,0,0
189,欧莱克,209,1000,自营,200,0,0
224,启励,79,500,赠,200,0,0
228,小熊,399,1000,"自营,每满399-150",200,0,0
230,九阳,419,2000,"京东物流,免邮,每满419-30",200,0,0
250,小质,199,1000,"自营,每满189-20",200,0,0
262,ankale,219,500,"京东物流,放心购,满200-10",200,0,0
273,美的,539,1000,"自营,每满539-40",200,0,0
287,美的,539,1000,自营,200,0,0
288,九阳,289,1000,满289-30,200,0,0
308,美的,299,1000,"自营,每满299-50",200,0,0
325,九阳,70,2000,免邮,200,0,0
362,LEASY,499,200,"京东物流,免邮,每满499-50",200,0,0
365,英凯仕,199,200,无,200,0,0
378,瑞本,185,500,"京东物流,放心购,免邮",200,0,0
385,奥克斯,259,1000,"京东物流,放心购,满250-30",200,0,0
421,九阳,699,500,"京东物流,放心购,每满699-200",200,0,0
458,志高,199,2000,免邮,200,0,0
477,九阳,389,2000,"京东物流,放心购",200,0,0
488,九阳,3099,500,"京东物流,免邮,满3099-100",200,0,0
546,美菱,219,1000,免邮,200,0,0
603,半球,179,500,"京东物流,免邮",200,0,0
634,九阳,699,1000,"京东物流,放心购,免邮,每满699-240,",200,0,0
642,嘉泊仕,2180,10000,"京东物流,放心购,免邮,满2180-1040,",200,0,0
655,苏泊尔,449,1000,"京东物流,放心购,闪购,免邮,",200,0,0
660,志高,139,2000,免邮,200,0,0
663,荣事达,239,1000,"免邮,满220-40",200,0,0
666,Blendtec,3529,500,"自营,每满300-30",200,0,0
668,康佳,319,1000,"自营,每满319-20",200,0,0
702,小米,395,1000,京东物流,200,0,0
704,九阳,539,1000,"京东物流,放心购,闪购,免邮,",200,0,0
708,半球,199,1000,"京东物流,放心购,免邮,满200-5",200,0,0
727,九阳,629,1000,"京东物流,闪购,免邮,满629-170",200,0,0
793,ankale,219,500,"京东物流,放心购,满200-10",200,0,0
802,卡屋,249,1000,满99-20,200,0,0
833,HYUNDAI,129,200,无,200,0,0
839,谷格,358,200,"京东物流,放心购,免邮,满328-60",200,0,0
871,Blendtec,13999,1000,满4000-1000,200,0,0
55,苏泊尔,509,500,"京东物流,放心购,秒杀,免邮,",100,0,0
72,小熊,499,500,"京东物流,免邮,满459-20,赠",100,0,0
110,苏泊尔,509,500,放心购,100,0,0
124,苏泊尔,599,1000,"自营,秒杀,每满669-70",100,0,0
142,美的,599,500,"京东物流,放心购,免邮,每满599-200",100,0,0
147,ankale,219,500,"京东物流,放心购,每满150-10",100,0,0
156,华生,199,1000,无,100,0,0
157,小米,299,200,无,100,0,0
180,BRUNO,809,500,"京东物流,每满750-310",100,0,0
197,九阳,1299,500,"自营,满1299-400,赠",100,0,0
207,九阳,319,1000,"自营,闪购",100,0,0
266,美菱,199,200,免邮,100,0,0
278,ankale,219,500,每满150-10,100,0,0
291,九阳,399,1000,"京东物流,放心购,满389-30",100,0,0
298,九阳,1599,500,"自营,秒杀,满1599-300",100,0,0
306,仕索思,79,200,赠,100,0,0
320,欧莱克,309,200,"自营,每满309-110",100,0,0
328,小熊,469,200,"京东物流,放心购,免邮",100,0,0
334,苏泊尔,709,500,"京东物流,免邮,满709-160",100,0,0
336,九阳,489,1000,"京东物流,放心购,免邮,满439-50,",100,0,0
343,SURE,399,500,"京东物流,放心购,免邮,每满399-100",100,0,0
348,九阳,379,200,"闪购,免邮,满379-80",100,0,0
354,九阳,1849,200,"京东物流,免邮,满1849-50",100,0,0
395,BRUNO,809,500,无,100,0,0
400,九阳,449,1000,"京东物流,放心购,满389-30,赠",100,0,0
422,半球,159,1000,"京东物流,免邮",100,0,0
451,适丰,79,500,无,100,0,0
510,奥克斯,299,1000,"京东物流,放心购,满290-50",100,0,0
511,九阳,2999,100,满2999-1000,100,0,0
516,谷格,569,200,"京东物流,免邮,满539-150",100,0,0
524,九阳,399,1000,"自营,厂商配送,闪购",100,0,0
551,BRUNO,809,500,"京东物流,每满750-310",100,0,0
563,MI,11198,500,无,100,0,0
576,蓝宝,100,1000,"京东物流,放心购,免邮,每满400-120",100,0,0
596,SURE,599,500,"京东物流,放心购,免邮,券300-30,",100,0,0
618,九阳,2299,1000,自营,100,0,0
624,瑞本,399,1000,"免邮,券300-30",100,0,0
628,九阳,359,500,免邮,100,0,0
632,九阳,319,1000,"放心购,免邮,满289-30",100,0,0
633,友家铺子,99,1000,"免邮,赠",100,0,0
635,九阳,1499,1000,"自营,闪购",100,0,0
645,摩飞电器,429,500,"京东物流,免邮,每满400-30,赠",100,0,0
669,MI,349,500,"京东物流,券249-30,每满349-100",100,0,0
675,西屋,3699,200,券3699-1510,100,0,0
684,九阳,909,200,"京东物流,放心购,免邮,每满909-10",100,0,0
685,欧诺华,1280,200,满1180-800,100,0,0
718,美的,169,1000,满169-40,100,0,0
722,半球,199,500,"京东物流,免邮",100,0,0
735,西屋,799,200,无,100,0,0
746,WMF,3329,500,"自营,1件9折",100,0,0
747,ankale,249,500,"京东物流,放心购,每满150-10",100,0,0
769,惠妈,798,200,"京东物流,免邮,满100-60",100,0,0
805,九阳,1999,200,"京东物流,放心购,免邮,,",100,0,0
807,小熊,499,500,"京东物流,满469-70",100,0,0
837,九阳,299,500,无,100,0,0
841,九阳,1039,500,"京东物流,免邮,满1029-30,赠",100,0,0
866,倾山空,79,200,赠,100,0,0
874,德萨帝,569,20000,"京东物流,满539-140",100,0,0
99,九阳,259,500,"京东物流,放心购",90,0,0
222,海尔,1799,100,满1349-200,90,0,0
313,小熊,399,500,"自营,每满399-80",90,0,0
491,西屋,1980,200,无,90,0,0
672,苏泊尔,339,500,"闪购,免邮,满339-70",90,0,0
772,摩飞电器,599,1000,"京东物流,免邮,每满500-130",90,0,0
815,摩飞电器,599,1000,"京东物流,免邮,每满500-130",90,0,0
201,MI,259,500,"京东物流,免邮,满249-40",80,0,0
206,奥劲,446,100,自营,80,0,0
279,小米,289,200,免邮,80,0,0
305,美的,899,200,"京东物流,放心购,免邮,每满899-250",80,0,0
352,苏泊尔,599,500,"自营,秒杀,每满669-70",80,0,0
414,苏泊尔,699,500,"京东物流,放心购,免邮,满699-100",80,0,0
438,蓝宝,1776,200,"自营,1件9折",80,0,0
831,美菱,309,200,"免邮,券300-30",80,0,0
182,MI,299,200,每满299-80,70,0,0
205,美菱,129,200,"免邮,券300-30",70,0,0
219,大宇,559,200,"放心购,每满500-130",70,0,0
264,小熊,599,200,"自营,每满599-200",70,0,0
393,MI,299,200,每满299-100,70,0,0
403,MI,299,200,券299-100,70,0,0
469,美菱,189,200,无,70,0,0
506,MI,319,200,券299-100,70,0,0
593,九阳,799,200,自营,70,0,0
607,苏泊尔,499,500,"京东物流,放心购,闪购,免邮,",70,0,0
611,大宇,559,200,"放心购,每满500-130",70,0,0
734,汉美驰,1399,100,"自营,券3000-300,每满1399-400",70,0,0
781,九阳,599,500,"京东物流,放心购,免邮,每满599-140",70,0,0
784,ankale,189,200,"2件9折,赠",70,0,0
284,笠菱,79,500,赠,60,0,0
390,美的,249,200,"京东物流,放心购",60,0,0
396,九阳,1599,200,"自营,秒杀,满1599-200,赠",60,0,0
437,美的,259,200,"京东物流,免邮",60,0,0
503,苏泊尔,649,200,"京东物流,放心购,闪购,免邮,",60,0,0
518,九阳,2599,200,"京东物流,免邮,赠",60,0,0
612,石崎秀儿,399,100,满399-120,60,0,0
199,美菱,189,92,无,50,0,0
218,九阳,259,500,自营,50,0,0
271,奥克斯,299,200,"京东物流,放心购,满290-20",50,0,0
388,美的,1599,200,"自营,每满1599-300",50,0,0
412,苏泊尔,1799,200,自营,50,0,0
521,美菱,179,92,无,50,0,0
545,ankale,189,200,满150-40,50,0,0
677,苏泊尔,499,200,"京东物流,放心购,闪购,免邮,",50,0,0
728,苏泊尔,399,200,"京东物流,闪购,满399-100",50,0,0
755,谷格,459,71,"京东物流,放心购,新品,免邮,",50,0,0
192,BRUNO,409,500,"京东物流,每满350-160",40,0,0
263,九阳,259,200,"放心购,闪购",40,0,0
364,小熊,699,100,"京东物流,免邮,满699-330",40,0,0
373,九阳,299,200,京东物流,40,0,0
555,飞牛,479,200,满399-30,40,0,0
570,BRUNO,409,500,"京东物流,每满350-160",40,0,0
138,真米,99,200,无,30,0,0
244,美的,319,200,"京东物流,放心购,免邮,每满309-70",30,0,0
270,飞利浦,499,200,"京东物流,每满489-100,赠",30,0,0
283,真米,129,200,券90-5,30,0,0
322,九阳,399,200,"自营,满369-90",30,0,0
368,九阳,649,200,自营,30,0,0
430,苏泊尔,449,200,"京东物流,闪购,满449-160",30,0,0
432,威的,129,100,无,30,0,0
449,真米,139,200,券90-5,30,0,0
454,苏泊尔,1999,200,自营,30,0,0
486,半球,199,200,"京东物流,免邮",30,0,0
495,美的,399,100,"京东物流,放心购,免邮,每满399-100",30,0,0
507,罗娅,369,74,自营,30,0,0
519,九阳,999,100,满999-400,30,0,0
536,美菱,199,95,"新品,免邮,券300-30",30,0,0
557,九阳,899,200,"自营,闪购",30,0,0
567,九阳,1499,100,"京东物流,每满1499-600,赠",30,0,0
587,苏泊尔,189,200,"免邮,满189-90",30,0,0
621,九阳,279,100,"京东物流,闪购",30,0,0
703,麦滋,699,100,自营,30,0,0
725,小熊,499,200,"京东物流,免邮,券439-40,满400-60,",30,0,0
840,小米,299,200,"每满280-30,赠",30,0,0
94,美菱,589,77,满569-300,20,0,0
148,美菱,199,100,无,20,0,0
153,【,299,39,"满259-40,赠",20,0,0
194,大宇,559,200,"放心购,新品,每满490-270",20,0,0
195,九阳,259,200,京东物流,20,0,0
212,九阳,599,100,满599-100,20,0,0
215,美的,499,100,"自营,每满499-40",20,0,0
281,美菱,599,25,无,20,0,0
370,尚莱易,79,100,赠,20,0,0
397,美的,719,100,"自营,每满719-50",20,0,0
402,美的,259,100,"京东物流,满90-10",20,0,0
462,小熊,999,200,无,20,0,0
575,瑞本,299,100,无,20,0,0
581,美的,1299,100,"自营,每满1299-300",20,0,0
643,谷格,958,68,"京东物流,放心购,新品,免邮,",20,0,0
654,大宇,559,200,"放心购,新品,每满490-270",20,0,0
696,科仕顿,476,100,满699-39,20,0,0
737,惠妈,179,34,赠,20,0,0
792,苏泊尔,599,97,"京东物流,放心购,闪购,免邮,",20,0,0
849,苏泊尔,1299,100,自营,20,0,0
172,APIXINTL,599,85,"自营,每满559-270",10,0,0
213,美的,299,100,"自营,每满299-20",10,0,0
233,APIXINTL,599,85,"自营,每满559-270",10,0,0
237,康佳,209,200,"自营,1件9折",10,0,0
261,海尔,419,77,"自营,新品,1件9折",10,0,0
286,美的,299,100,"京东物流,免邮,每满299-50",10,0,0
290,美的,469,52,"自营,新品,每满459-70",10,0,0
303,美的,249,100,京东物流,10,0,0
331,破壁,80,100,无,10,0,0
401,APIXINTL,599,85,自营,10,0,0
409,HYUNDAI,109,100,"免邮,满100-10",10,0,0
431,BabyStar,349,24,"京东物流,放心购,免邮,每满299-50,",10,0,0
448,苏泊尔,279,87,京东物流,10,0,0
493,美的,389,80,自营,10,0,0
496,奥克斯,279,100,"自营,秒杀,每满270-50",10,0,0
513,HYUNDAI,199,75,新品,10,0,0
522,九阳,269,100,"京东物流,闪购",10,0,0
577,小熊,279,52,"京东物流,放心购,满200-30",10,0,0
583,苏泊尔,1299,85,"京东物流,放心购,闪购,免邮,",10,0,0
602,九阳,659,18,"新品,免邮,每满659-200",10,0,0
622,摩动,239,72,无,10,0,0
640,米家,299,100,无,10,0,0
656,美的,699,52,"自营,新品,每满689-30",10,0,0
680,柏翠,387,79,"自营,券1500-120,1件9折",10,0,0
681,奥克斯,299,76,"自营,每满290-40",10,0,0
698,苏泊尔,329,62,"京东物流,放心购,免邮,满329-30",10,0,0
751,破壁,78,100,无,10,0,0
780,西屋,5980,85,无,10,0,0
787,美的,509,72,"京东物流,每满509-150",10,0,0
809,尊梵,999,28,"京东物流,放心购,每满979-140",10,0,0
814,苏泊尔,329,86,"京东物流,满309-50",10,0,0
824,苏泊尔,1999,100,自营,10,0,0
836,九阳,749,100,"京东物流,满749-100",10,0,0
852,九阳,549,50,赠,10,0,0
876,安赏,189,72,赠,10,0,0
878,飞牛,559,87,无,10,0,0
882,HYUNDAI,279,75,无,10,0,0
885,苏泊尔,99,100,放心购,10,0,0
136,小熊,329,87,"京东物流,满200-30",0,0,0
179,奥克斯,499,0,"自营,每满480-100",0,0,0
210,苏泊尔,759,41,"京东物流,闪购,免邮,每满759-350",0,0,0
217,美的,299,21,"京东物流,免邮,每满299-50",0,0,0
236,美的,289,43,京东物流,0,0,0
243,苏泊尔,499,10,自营,0,0,0
260,苏泊尔,129,4,京东物流,0,0,0
269,摩动,319,39,自营,0,0,0
277,格立高,79,6,自营,0,0,0
282,美的,499,12,"京东物流,免邮,每满499-60",0,0,0
289,苏泊尔,899,10,自营,0,0,0
309,海牌,998,1,"自营,1件6折",0,0,0
314,BARBOSA,499,1,无,0,0,0
316,九阳,298,7,"自营,厂商配送",0,0,0
321,海牌,637,0,自营,0,0,0
324,摩飞,475,5,自营,0,0,0
327,九阳,139,0,无,0,0,0
361,美的,599,7,"京东物流,每满599-200",0,0,0
363,美菱,209,17,无,0,0,0
366,华柏仕,169,8,满99-10,0,0,0
369,九阳,799,7,"京东物流,免邮,每满799-50",0,0,0
374,美菱,999,0,自营,0,0,0
375,九阳,368,0,自营,0,0,0
376,小熊,699,41,"京东物流,放心购,每满699-100",0,0,0
381,苏泊尔,379,64,"京东物流,放心购,闪购,满379-90",0,0,0
387,苏泊尔,399,25,"自营,每满389-70",0,0,0
391,美的,999,15,"京东物流,免邮,每满999-200",0,0,0
405,九阳,399,39,"京东物流,放心购,每满399-40",0,0,0
415,Epicure,79,21,无,0,0,0
420,创维,2880,0,自营,0,0,0
439,海牌,699,1,"自营,1件6折",0,0,0
442,苏泊尔,889,33,"自营,每满889-90",0,0,0
443,格立高,499,0,自营,0,0,0
447,顺然,399,2,放心购,0,0,0
452,瑞本,239,100,"新品,免邮,券230-20,赠",0,0,0
453,九阳,1499,82,无,0,0,0
466,九阳,689,0,无,0,0,0
472,九阳,1199,57,"京东物流,满1199-400",0,0,0
478,苏泊尔,199,46,无,0,0,0
480,飞利浦,399,14,"京东物流,免邮",0,0,0
482,九阳,1699,16,"放心购,每满1699-100",0,0,0
483,奥克斯,286,200,自营,0,0,0
484,半球,135,45,满200-5,0,0,0
489,小熊,699,30,满699-100,0,0,0
492,格力,529,22,"京东物流,放心购,免邮",0,0,0
498,苏泊尔,419,0,"京东物流,免邮",0,0,0
499,九阳,999,13,满998-299,0,0,0
500,西屋,409,8,自营,0,0,0
501,苏泊尔,599,4,赠,0,0,0
502,飞利浦,599,28,"京东物流,每满599-200",0,0,0
504,飞利浦,1399,15,自营,0,0,0
509,苏泊尔,539,2,"自营,厂商配送,券79-20",0,0,0
512,摩飞电器,414,21,自营,0,0,0
514,西屋,1399,10,自营,0,0,0
517,Morphyrichards,599,51,自营,0,0,0
520,九阳,699,0,无,0,0,0
528,苏泊尔,279,20,"京东物流,免邮,满279-10",0,0,0
529,奥克斯,399,19,"自营,每满380-60",0,0,0
530,飞牛,229,6,无,0,0,0
533,九阳,1299,50,"京东物流,放心购,免邮,",0,0,0
534,创维,2880,0,自营,0,0,0
535,九阳,499,0,自营,0,0,0
539,苏泊尔,3000,0,自营,0,0,0
540,美的,999,41,"自营,每满999-100",0,0,0
542,九阳,4299,0,自营,0,0,0
543,海牌,638,0,自营,0,0,0
552,小熊,499,0,"京东物流,满469-30",0,0,0
553,美的,309,0,"京东物流,放心购,每满309-30",0,0,0
558,MI,699,9,满699-240,0,0,0
562,松下,799,13,"京东物流,免邮,满799-200",0,0,0
564,九阳,599,0,无,0,0,0
565,HYUNDAI,269,36,满200-30,0,0,0
566,麦卓,199,0,无,0,0,0
568,奥克斯,286,27,自营,0,0,0
571,苏泊尔,299,44,"京东物流,放心购,免邮",0,0,0
573,小熊,278,4,自营,0,0,0
578,九阳,779,0,无,0,0,0
579,苏泊尔,939,1,自营,0,0,0
582,创维,2880,0,自营,0,0,0
584,九阳,379,21,"京东物流,放心购,每满379-100",0,0,0
586,九阳,578,0,无,0,0,0
589,米技,2099,4,自营,0,0,0
590,HYUNDAI,899,0,自营,0,0,0
591,九阳,1199,15,自营,0,0,0
592,九阳,1055,0,自营,0,0,0
594,雅迎,77,10,无,0,0,0
595,FUNORK,299,6,自营,0,0,0
597,BRUNO,760,3,自营,0,0,0
598,苏泊尔,419,1,自营,0,0,0
600,九阳,2999,0,"京东物流,赠",0,0,0
601,苏泊尔,509,15,"京东物流,放心购,满269-210",0,0,0
605,九阳,199,7,自营,0,0,0
608,苏泊尔,899,58,"京东物流,放心购,闪购,满899-350",0,0,0
610,吉声,999,0,自营,0,0,0
613,九阳,999,45,自营,0,0,0
615,九阳,399,15,自营,0,0,0
616,摩动,699,0,自营,0,0,0
617,美的,471,0,无,0,0,0
619,苏泊尔,439,1,"京东物流,放心购,免邮,每满439-100",0,0,0
623,九阳,799,24,"自营,满799-200,赠",0,0,0
625,九阳,359,3,"京东物流,放心购,每满359-80",0,0,0
636,志高,199,8,无,0,0,0
647,HYUNDAI,169,5,无,0,0,0
679,苏泊尔,529,65,"京东物流,放心购,闪购,免邮,",0,0,0
686,HYUNDAI,999,0,自营,0,0,0
687,小熊,499,0,自营,0,0,0
688,破壁,89,3,无,0,0,0
689,美的,599,38,"京东物流,券1000-50,满599-200",0,0,0
690,九阳,1588,0,自营,0,0,0
691,大宇,1199,0,自营,0,0,0
692,西屋,1280,5,自营,0,0,0
693,华柏仕,139,12,满99-10,0,0,0
694,九阳,899,6,自营,0,0,0
695,美菱,599,2,自营,0,0,0
697,南极人,199,0,自营,0,0,0
699,九阳,466,0,自营,0,0,0
700,小熊,349,6,"京东物流,满339-20",0,0,0
701,美的,599,13,"京东物流,免邮,每满599-100",0,0,0
705,美的,279,45,"京东物流,每满278-20",0,0,0
706,九阳,2599,1,自营,0,0,0
707,苏泊尔,319,3,"京东物流,免邮,满70-10",0,0,0
709,飞利浦,399,13,"京东物流,免邮",0,0,0
710,创维,2999,0,自营,0,0,0
711,九阳,799,2,自营,0,0,0
712,美的,599,0,自营,0,0,0
713,美的,1099,22,自营,0,0,0
714,苏泊尔,1299,9,自营,0,0,0
715,苏泊尔,519,8,"京东物流,满519-120",0,0,0
716,新飞,990,3,自营,0,0,0
717,Morphyrichards,399,0,自营,0,0,0
719,九阳,1299,0,自营,0,0,0
721,九阳,953,33,自营,0,0,0
723,九阳,799,0,自营,0,0,0
724,摩动,230,0,自营,0,0,0
726,苏泊尔,179,31,"放心购,每满179-80",0,0,0
729,瑞本,299,0,自营,0,0,0
730,九阳,949,0,自营,0,0,0
732,mokkom,399,10,自营,0,0,0
733,九阳,2199,0,"自营,闪购,券1999-100,满2199-200,",0,0,0
736,九阳,599,8,自营,0,0,0
738,九阳,399,0,"京东物流,放心购,免邮",0,0,0
741,美的,499,76,"京东物流,放心购,免邮,每满499-110",0,0,0
744,小熊,329,1,自营,0,0,0
745,思泊瑞,169,20,"京东物流,免邮",0,0,0
748,九阳,799,0,自营,0,0,0
749,西屋,419,0,自营,0,0,0
750,西屋,1580,0,自营,0,0,0
753,苏泊尔,699,2,"京东物流,放心购,新品,每满699-280",0,0,0
756,美的,599,0,自营,0,0,0
757,大宇,1399,0,自营,0,0,0
761,铂市,820,0,自营,0,0,0
762,苏泊尔,599,30,"京东物流,放心购,闪购,免邮,",0,0,0
763,西屋,390,0,自营,0,0,0
764,HYUNDAI,599,0,自营,0,0,0
766,苏泊尔,559,5,自营,0,0,0
768,九阳,998,16,"自营,厂商配送",0,0,0
770,康佳,699,0,自营,0,0,0
771,三食黄小厨,299,1,自营,0,0,0
774,苏泊尔,829,32,"京东物流,放心购,免邮,每满829-260",0,0,0
775,九阳,1999,2,自营,0,0,0
776,万利达,786,0,无,0,0,0
777,九阳,849,0,自营,0,0,0
778,欧莱克,279,6,满200-70,0,0,0
779,九阳,3999,2,"自营,赠",0,0,0
783,苏泊尔,2999,0,赠,0,0,0
785,美的,1599,0,自营,0,0,0
786,九阳,1159,0,自营,0,0,0
788,摩飞,495,1,自营,0,0,0
789,苏泊尔,319,6,京东物流,0,0,0
794,志高,139,10,满135-10,0,0,0
795,格立高,499,0,自营,0,0,0
796,西屋,2789,0,自营,0,0,0
797,九阳,649,0,无,0,0,0
799,西屋,1049,0,自营,0,0,0
800,九阳,299,70,满99-30,0,0,0
801,飞利浦,1399,0,自营,0,0,0
803,Morphyrichards,399,0,自营,0,0,0
806,苏泊尔,629,0,自营,0,0,0
810,苏泊尔,829,0,自营,0,0,0
811,九阳,999,2,自营,0,0,0
812,九阳,869,0,自营,0,0,0
813,摩飞电器,469,0,自营,0,0,0
816,美的,259,24,京东物流,0,0,0
817,美的,359,12,自营,0,0,0
818,西屋,799,1,自营,0,0,0
819,九阳,2999,0,自营,0,0,0
822,九阳,359,0,自营,0,0,0
823,九阳,627,0,自营,0,0,0
825,HYUNDAI,899,1,自营,0,0,0
826,摩卡,399,5,自营,0,0,0
827,小熊,499,1,"京东物流,满299-70",0,0,0
828,莱克,999,8,"京东物流,免邮",0,0,0
829,奥克斯,299,0,无,0,0,0
830,美的,999,0,自营,0,0,0
832,美的,399,13,"京东物流,放心购",0,0,0
835,小熊,469,0,自营,0,0,0
838,美的,1699,2,自营,0,0,0
843,西屋,2388,0,自营,0,0,0
844,西屋,1645,0,自营,0,0,0
845,美菱,249,17,无,0,0,0
846,九阳,1599,0,自营,0,0,0
847,美菱,259,17,无,0,0,0
848,美的,899,0,自营,0,0,0
850,九阳,399,0,"京东物流,放心购",0,0,0
851,HYUNDAI,599,0,自营,0,0,0
854,美的,799,1,无,0,0,0
857,HYUNDAI,499,0,自营,0,0,0
858,苏泊尔,539,0,"京东物流,放心购,满300-120",0,0,0
859,美的,787,10,自营,0,0,0
860,Blendtec,4999,8,自营,0,0,0
862,小熊,469,4,自营,0,0,0
863,西屋,2480,0,自营,0,0,0
864,摩动,230,0,自营,0,0,0
865,瑞本,359,0,自营,0,0,0
867,九阳,1199,0,自营,0,0,0
869,小熊,299,9,"京东物流,免邮,满299-50",0,0,0
872,九阳,699,4,无,0,0,0
873,格立高,179,10,自营,0,0,0
875,美的,289,3,京东物流,0,0,0
877,苏泊尔,1236,0,自营,0,0,0
879,九阳,869,0,自营,0,0,0
880,九阳,1599,0,自营,0,0,0
881,摩飞电器,469,0,自营,0,0,0
884,九阳,899,0,自营,0,0,0
886,九阳,1599,0,自营,0,0,0
887,维他密斯,11739,0,满599-30,0,0,0
888,瑞本,299,0,自营,0,0,0
889,一刻间,300,5000,"京东物流,放心购,券300-61",0,0,0
890,美菱,686,0,自营,0,0,0
891,九阳,2299,0,自营,0,0,0
892,九阳,599,500,满299-200,0,0,0
893,九阳,2099,16,"自营,闪购,满2099-400,赠",0,0,0
894,九阳,1899,33,"京东物流,免邮,满1890-800",0,0,0
895,芯美,219,500,"京东物流,免邮,满200-20",0,0,0
896,苏泊尔,999,100,自营,0,0,0
897,美的,899,10,"京东物流,放心购,满500-100",0,0,0
898,九阳,799,0,无,0,0,0
899,美的,1299,4,"满1299-300,赠",0,0,0
900,大宇,1279,0,自营,0,0,0
901,西屋,1645,0,自营,0,0,0
902,九阳,1599,500,"京东物流,每满1599-700,赠",0,0,0
903,美的,339,100,"自营,每满339-20",0,0,0
904,德普莱,379,10000,"京东物流,放心购,满350-70",0,0,0
905,琉滋,80,29,1件9.8折,0,0,0
906,小浣熊,349,10000,"免邮,满349-50,赠",0,0,0
907,苏泊尔,399,14,"京东物流,满389-60",0,0,0
908,苏泊尔,299,90,京东物流,0,0,0
909,美的,259,200,"京东物流,免邮,每满259-10",0,0,0
910,小浣熊,309,10000,"免邮,满309-120,赠",0,0,0
911,九阳,269,6,"京东物流,放心购",0,0,0
912,苏泊尔,1599,1,赠,0,0,0
913,九阳,999,27,"满999-400,赠",0,0,0
914,美的,599,6,自营,0,0,0
915,九阳,2399,200,"自营,满2199-200",0,0,0
916,九阳,3099,1000,"自营,赠",0,0,0
917,瑞本,299,500,满299-30,0,0,0
918,美的,1299,11,自营,0,0,0
919,HYUNDAI,899,0,自营,0,0,0
920,荣事达,699,0,自营,0,0,0
921,美的,899,4,赠,0,0,0
922,西屋,1350,0,自营,0,0,0
